[
  {
    "id": 1,
    "question": "هل هذا الكتاب مناسب للمبتدئين تمامًا؟",
    "answer": "نعم، الكتاب مصمم خصيصًا للمبتدئين اللي ما عندهم أي خبرة سابقة في المشاريع الرقمية. يشرح لك كل فكرة من الصفر، مع الأدوات المجانية اللي تحتاجها، وخطوات عملية بسيطة للتنفيذ."
  },
  {
    "id": 2,
    "question": "هل أحتاج رأس مال عشان أبدأ مشروع رقمي؟",
    "answer": "أبدًا 💡 أغلب المشاريع الموجودة في الكتاب يمكن تبدأها بدون أي رأس مال، وحتى المشاريع اللي تحتاج أدوات مدفوعة، موضّح فيها البدائل المجانية خطوة بخطوة."
  },
  {
    "id": 3,
    "question": "هل الكتاب ملف PDF؟ وكيف أقدر أفتحه بعد الشراء؟",
    "answer": "نعم، الكتاب بصيغة PDF تفاعلي يمكنك تحميله فورًا بعد إتمام عملية الدفع. تقدر تفتحه بسهولة على الجوال أو الكمبيوتر أو التابلت في أي وقت."
  },
  {
    "id": 4,
    "question": "هل المحتوى منسوخ أو مأخوذ من الإنترنت؟",
    "answer": "لا إطلاقًا 🚫 الكتاب مكتوب ومصمّم بالكامل بشكل أصلي وحصري، مبني على خبرات وتجارب حقيقية في المشاريع الرقمية، ومرتب بأسلوب عربي بسيط وسهل التطبيق."
  },
  {
    "id": 5,
    "question": "كم يستغرق الوقت حتى أبدأ أحقق دخل من الأفكار؟",
    "answer": "يعتمد على الفكرة اللي تختارها ومدى التزامك بالتطبيق، لكن كثير من القرّاء شاركونا إنهم بدأوا يشوفوا نتائج فعلية خلال أول 3 إلى 4 أسابيع من التطبيق المنتظم."
  },
  {
    "id": 6,
    "question": "هل في تحديثات مستقبلية للكتاب؟",
    "answer": "نعم ✅ عند شراء الكتاب، ستحصل تلقائيًا على تحديثات مجانية مدى الحياة، بما في ذلك أفكار جديدة وأدوات محدثة مع تطور السوق الرقمي."
  },
  {
    "id": 7,
    "question": "هل أقدر أسترجع المبلغ لو ما استفدت؟",
    "answer": "نحن واثقون أنك ستستفيد بإذن الله 🙏 لكن إن واجهت أي مشكلة حقيقية أو شعرت أن المحتوى ما يناسبك، فيمكنك التواصل معنا خلال 7 أيام من الشراء، وسنراجع حالتك بكل شفافية."
  },
  {
    "id": 8,
    "question": "هل الكتاب مفيد للطلاب أو الموظفين؟",
    "answer": "بالتأكيد 👨‍💻 الكتاب مناسب لأي شخص حابب يبدأ مصدر دخل جانبي من الإنترنت، سواء طالب، موظف، أو حتى شخص يبحث عن استقلال مالي من العمل التقليدي."
  }
]

