[
  {
    "product_id": 1,
    "product_name": "15 فكرة مشروع رقمي مربح",
    "product_name_en": "15 Profitable Digital Project Ideas",
    "product_image": "/images/products/15-project-ideas.png",
    "description": "دليلك العملي لبدء مشروعك الرقمي من الصفر وبناء مصدر دخل حقيقي من الإنترنت",
    "price_aed": 55.50,
    "price_sar": 57.00,
    "price_usd": 15.20,
    "currency": "AED",
    "download_url": "https://cix55jnodh8jj42w.public.blob.vercel-storage.com/15%D9%81%D9%83%D8%B1%D8%A9%20%D9%85%D8%B4%D8%B1%D9%88%D8%B9%20%D8%B1%D9%82%D9%85%D9%8A%20%D9%85%D8%B1%D8%A8%D8%AD%20%D9%8A%D9%85%D9%83%D9%86%D9%83%20%D8%A7%D9%84%D8%A8%D8%AF%D8%A1%20%D8%A8%D9%87%D8%A7%20%D9%85%D9%86%20%D8%A7%D9%84%D8%B5%D9%81%D8%B1.pdf",
    "filename": "15-افكار-مشروع-رقمي.pdf",
    "file_size_mb": 2.4,
    "category": "ebooks",
    "tags": ["مشاريع رقمية", "ريادة أعمال", "دخل سلبي"],
    "active": true
  },
  {
    "product_id": 2,
    "product_name": "الربح من المنتجات الرقمية",
    "product_name_en": "Profit from Digital Products",
    "product_image": "/images/products/digital-products-profit.png",
    "description": "الخطة الكاملة خطوة بخطوة لتبدأ مشروعك الرقمي الأول وتبني دخل حقيقي من الإنترنت",
    "price_aed": 75.00,
    "price_sar": 77.00,
    "price_usd": 20.50,
    "currency": "AED",
    "download_url": "https://cix55jnodh8jj42w.public.blob.vercel-storage.com/digital-products-guide.pdf",
    "filename": "الربح-من-المنتجات-الرقمية.pdf",
    "file_size_mb": 3.2,
    "category": "ebooks",
    "tags": ["منتجات رقمية", "تسويق", "ربح أونلاين"],
    "active": true
  },
  {
    "product_id": 3,
    "product_name": "دورة التسويق الإلكتروني الشاملة",
    "product_name_en": "Complete Digital Marketing Course",
    "product_image": "/images/products/marketing-course.png",
    "description": "دورة شاملة في التسويق الإلكتروني من الصفر حتى الاحتراف مع أمثلة عملية وحالات دراسية",
    "price_aed": 150.00,
    "price_sar": 155.00,
    "price_usd": 41.00,
    "currency": "AED",
    "download_url": "https://cix55jnodh8jj42w.public.blob.vercel-storage.com/marketing-course-complete.pdf",
    "filename": "دورة-التسويق-الالكتروني-الشاملة.pdf",
    "file_size_mb": 8.5,
    "category": "courses",
    "tags": ["تسويق إلكتروني", "سوشيال ميديا", "إعلانات", "SEO"],
    "active": true
  }
]

