[
  {
    "product_id": 1,
    "product_name": "الدليل التمهيدي للربح من المنتجات الرقمية",
    "product_name_en": "Introductory Guide to Profiting from Digital Products",
    "product_image": "/images/products/introductory-guide.jpg",
    "description": "هل فكرت يومًا ليش غيرك يربح من الإنترنت بسهولة بينما أنت ما زلت محتار من أين تبدأ؟\n\nهذا الدليل التمهيدي بيساعدك تفهم الخطوات الأساسية لبناء منتج رقمي ناجح يبيع حتى وأنت نايم 😴💰\n\nرح تتعلم فيه:\n\n• كيف تختار فكرة منتج رقمي مربحة\n• الأساسيات اللي لازم تبني عليها متجرك أو صفحتك\n• كيف تسوّق صح بدون ما تضيع وقتك ومالك\n\n📘 ملاحظـة: هذا الكتاب هو مقدمة بسيطة من الكتاب الكامل \"خطة بناء مشروعك الرقمي من الصفر\"، اللي فيه روابط مباشرة لأدوات، ومواقع عملية تساعدك تبدأ فورًا 🚀",
    "price": 0.0,
    "originalPrice": 30.0,
    "currency": "SAR",
    "download_url": "https://cix55jnodh8jj42w.public.blob.vercel-storage.com/%D8%A7%D9%84%D9%85%D9%86%D8%AA%D8%AC%D8%A7%D8%AA/%D8%A7%D9%84%D8%AF%D9%84%D9%8A%D9%84%20%D8%A7%D9%84%D8%AA%D9%85%D9%87%D9%8A%D8%AF%D9%8A%20%D9%84%D9%84%D9%85%D9%86%D8%AA%D8%AC%D8%A7%D8%AA%20%D8%A7%D9%84%D8%B1%D9%82%D9%85%D9%8A%D8%A9%20%281%29.pdf",
    "filename": "introductory-guide.pdf",
    "file_size_mb": 5,
    "category": "ebooks",
    "tags": [
      "دليل",
      "منتجات-رقمية",
      "مبتدئين",
      "ربح-اونلاين"
    ],
    "active": true,
    "rating": 4.8,
    "buyers": "تم الشراء أكثر من 300 مرة",
    "featured": true,
    "isFree": true
  },
  {
    "product_id": 2,
    "product_name": "الربح من المنتجات الرقمية",
    "product_name_en": "Profit from Digital Products",
    "product_image": "/images/products/digital-products-profit.jpg",
    "description": "تتعب بالشغل كل يوم… لكن دايم تسأل نفسك:\n\n\"ليش غيري يربح من الإنترنت وأنا لأ؟\" 💭\n\nالجواب بسيط: لأنهم عرفوا كيف يحولون مهاراتهم إلى منتجات رقمية تبيع عنهم حتى وهم نايمين 😴💰\n\nوالآن، هذا الكتاب بيعطيك الخطة الكاملة خطوة بخطوة لتبدأ مشروعك الرقمي الأول وتبني دخل حقيقي من الإنترنت 🚀\n\n📈 أضمن لك أنك بعد قراءة هذا الكتاب، ستمتلك خريطة طريق واقعية للربح من الإنترنت.\n\n📚 ما الذي ستتعلمه:\n• ما هي المنتجات الرقمية ولماذا تعتبر أسرع وأذكى طريقة لبناء دخل مستمر\n• أنواع المنتجات الرقمية الأكثر مبيعًا (كتب، كورسات، قوالب، أدوات مونتاج، مؤثرات صوتية)\n• كيف تختار فكرة منتج تضمن لك المبيعات وتناسب مهاراتك\n• الأدوات والمنصات التي يحتاجها أي شخص للانطلاق فورًا\n• طريقة إنشاء متجرك الرقمي وبدء البيع خلال يوم واحد فقط\n• أساليب التسويق الحديثة عبر TikTok وInstagram وSEO لجذب مئات العملاء\n• أسرار بناء دخل سلبي يجلب لك المال حتى أثناء نومك!\n\n🎁 مميزات الكتاب:\n🧠 سهل وواضح: لا فلسفة، فقط خطوات عملية حقيقية\n💼 مختصر وفعّال: كل صفحة تعطيك نتيجة\n📱 بصيغة PDF – يمكنك قراءته على أي جهاز فور الدفع\n🔥 تصميم احترافي ولغة بسيطة تناسب كل فئات القراء\n💬 مبني على خبرة وتجارب حقيقية في البيع الرقمي\n\n🧩 تفاصيل المنتج:\n📄 الصيغة PDF\n📥 التحميل فوري بعد الدفع\n⏱️ مدة القراءة حوالي 20 دقيقة\n📘 الصفحات تقريبًا 10 صفحات مركزة على الاهم فقط\n🌍 اللغة العربية\n🎯 مناسب لـكل من يريد بدء مشروع رقمي أو دخل إضافي\n\n🚀 لماذا هذا الكتاب مختلف؟\nلأن هذا الكتاب لا يبيع لك أحلامًا، بل يقدّم لك خطة جاهزة مدروسة، ستعرف من خلالها كيف:\n• تطلق منتجك الرقمي الأول بخطوات بسيطة\n• تبدأ البيع حتى بدون جمهور كبير\n• تحقّق أول ربح رقمي خلال فترة قصيرة\n\n📌 إن طبّقت ما فيه، فستكون أرباحك القادمة مسألة وقت فقط.\n\n⚡ تنويه:\n• المنتج رقمي بالكامل (تحميل فوري بعد الدفع)\n• لا توجد نسخ ورقية أو شحن مادي\n• لا يمكن استرجاع المبلغ بعد التحميل نظرًا لطبيعة المنتج الرقمي",
    "price": 39.0,
    "currency": "SAR",
    "download_url": "https://cix55jnodh8jj42w.public.blob.vercel-storage.com/%D8%A7%D9%84%D9%85%D9%86%D8%AA%D8%AC%D8%A7%D8%AA/%D8%A7%D9%84%D8%B1%D8%A8%D8%AD%20%D9%85%D9%86%20%D8%A7%D9%84%D9%85%D9%86%D8%AA%D8%AC%D8%A7%D8%AA%20%D8%A7%D9%84%D8%B1%D9%82%D9%85%D9%8A%D8%A9%20%E2%80%93%20%D9%85%D9%86%20%D8%A7%D9%84%D9%81%D9%83%D8%B1%D8%A9%20%D8%A5%D9%84%D9%89%20%D8%A3%D9%88%D9%84%20%D8%B1%D8%A8%D8%AD.pdf",
    "filename": "digital-products-profit.pdf",
    "file_size_mb": 8,
    "category": "ebooks",
    "tags": [
      "ربح",
      "منتجات-رقمية",
      "تسويق",
      "دخل-سلبي"
    ],
    "active": true,
    "rating": 4.9,
    "buyers": "58 مشتري",
    "featured": true,
    "originalPrice": 97.5
  },
  {
    "product_id": 3,
    "product_name": "15 فكرة مشروع رقمي مربح",
    "product_name_en": "15 Profitable Digital Project Ideas",
    "product_image": "/images/products/15-project-ideas.jpg",
    "description": "هل فكرت يومًا تبدأ مشروعك الرقمي، لكن ما عرفت من وين تبدأ؟\nهذا الكتاب هو دليلك العملي لتبدأ من الصفر وتبني مصدر دخل حقيقي من الإنترنت. 🚀\n\nيقدّم لك هذا الكتاب أكثر من 15 فكرة مشروع رقمي جاهزة للتنفيذ، تقدر تبدأها من بيتك وبدون رأس مال كبير، مع شرح كامل لكل فكرة خطوة بخطوة.\n\n📘 ستتعلم داخل الكتاب:\n• كيف تختار الفكرة المناسبة لقدراتك ومهاراتك\n• أدوات بسيطة لبدء مشروعك خلال يوم واحد فقط\n• أفكار مشاريع رقمية مجرّبة تحقق أرباحًا حقيقية\n• خطة عملية لتوسيع دخلك وتطوير عملك أونلاين\n• أسرار النجاح في التسويق عبر TikTok وInstagram وYouTube\n\n💡 أمثلة من المشاريع داخل الكتاب:\n• إنشاء قناة YouTube ناجحة\n• بيع المنتجات الرقمية (كتب، قوالب، كورسات)\n• التسويق بالعمولة (Affiliate Marketing)\n• إنشاء متجر إلكتروني صغير\n• تقديم خدمات الذكاء الاصطناعي\n\n🎯 النتيجة النهائية:\nبعد قراءة هذا الكتاب، ستكون قادرًا على اختيار مشروع يناسبك، تبدأ فيه فورًا، وتبني منه مصدر دخل مستمر من الإنترنت.\n\n📦 ما ستحصل عليه عند الشراء:\n• كتاب رقمي بصيغة PDF تفاعلي جاهز للتحميل الفوري\n• تصميم عصري مريح للقراءة على الهاتف أو الكمبيوتر\n• محتوى تطبيقي وليس نظري — مناسب للمبتدئين والمحترفين",
    "price": 57.0,
    "currency": "SAR",
    "download_url": "https://cix55jnodh8jj42w.public.blob.vercel-storage.com/%D8%A7%D9%84%D9%85%D9%86%D8%AA%D8%AC%D8%A7%D8%AA/15%20%D9%81%D9%83%D8%B1%D8%A9%20%D9%85%D8%B4%D8%B1%D9%88%D8%B9%20%D8%B1%D9%82%D9%85%D9%8A%20%D9%85%D8%B1%D8%A8%D8%AD%20%D9%8A%D9%85%D9%83%D9%86%D9%83%20%D8%A7%D9%84%D8%A8%D8%AF%D8%A1%20%D8%A8%D9%87%D8%A7%20%D9%85%D9%86%20%D8%A7%D9%84%D8%B5%D9%81%D8%B1%20%282%29.pdf",
    "filename": "15-project-ideas.pdf",
    "file_size_mb": 12,
    "category": "ebooks",
    "tags": [
      "أفكار-مشاريع",
      "ريادة-أعمال",
      "مشاريع-رقمية",
      "يوتيوب",
      "تيك-توك"
    ],
    "active": true,
    "rating": 4.7,
    "buyers": "تم الشراء أكثر من 200 مرة",
    "featured": true,
    "originalPrice": 142.5
  }
]
