[
  {
    "id": 1,
    "name": "عبدالله الحربي",
    "nameEn": "Abdullah Al-Harbi",
    "gender": "male",
    "rating": 5,
    "text": "كنت دايم أقول \"المنتجات الرقمية مو لي\"، بس بعد ما جربت الطريقة اللي بشرحها الكتاب فهمت السالفة، وبديت فعلاً أشتغل على أول منتج لي.",
    "purchaseDate": "2025-10-15",
    "timeAgo": "منذ أسبوعين",
    "productId": 1,
    "verified": true
  },
  {
    "id": 2,
    "name": "نورة الشهراني",
    "nameEn": "Noura Al-Shahrani",
    "gender": "female",
    "rating": 5,
    "text": "أول مرة أشتري كتاب أونلاين وأطبّق منه فعليًا! الشرح بسيط كأنك تتعلم من أخوك الكبير اللي فاهم السوق.",
    "purchaseDate": "2025-10-29",
    "timeAgo": "منذ 3 أيام",
    "productId": 1,
    "verified": true
  },
  {
    "id": 3,
    "name": "فهد الغامدي",
    "nameEn": "Fahad Al-Ghamdi",
    "gender": "male",
    "rating": 4,
    "text": "ما راح أكذب، بالبداية شكّيت، بس والله المعلومات اللي فيه تستاهل كل ريال، فيها تفاصيل ما تحصلها في اليوتيوب أبد.",
    "purchaseDate": "2025-10-27",
    "timeAgo": "منذ 5 أيام",
    "productId": 1,
    "verified": true
  },
  {
    "id": 4,
    "name": "ريم القحطاني",
    "nameEn": "Reem Al-Qahtani",
    "gender": "female",
    "rating": 5,
    "text": "ما توقعت أستفيد لهالدرجة، صرت أعرف أبيع قوالب رقمية وسويتها فعلاً وبدأت أبيع كم نسخة.",
    "purchaseDate": "2025-10-20",
    "timeAgo": "منذ 10 أيام",
    "productId": 1,
    "verified": true
  },
  {
    "id": 5,
    "name": "خالد الزهراني",
    "nameEn": "Khaled Al-Zahrani",
    "gender": "male",
    "rating": 5,
    "text": "حبيت إن المحتوى مرتب، مو حوسة. كل شي خطوة بخطوة ومو معقد، حتى للي ما عنده خبرة.",
    "purchaseDate": "2025-10-25",
    "timeAgo": "منذ أسبوع",
    "productId": 1,
    "verified": true
  },
  {
    "id": 6,
    "name": "مشاعل المطيري",
    "nameEn": "Mashael Al-Mutairi",
    "gender": "female",
    "rating": 5,
    "text": "أكثر شي أعجبني إن كل فكرة قابلة للتطبيق، مو بس كلام تحفيزي فاضي، فعلاً تقدر تبدأ.",
    "purchaseDate": "2025-10-22",
    "timeAgo": "منذ 8 أيام",
    "productId": 1,
    "verified": true
  },
  {
    "id": 7,
    "name": "راكان العنزي",
    "nameEn": "Rakan Al-Anazi",
    "gender": "male",
    "rating": 4,
    "text": "كنت أحوس بين أفكار كثيرة، والكتاب هذا خلاني أحدد وش يناسبني فعلاً، اختصرت وقتي شهور.",
    "purchaseDate": "2025-10-28",
    "timeAgo": "منذ 4 أيام",
    "productId": 1,
    "verified": true
  },
  {
    "id": 8,
    "name": "دلال الدوسري",
    "nameEn": "Dalal Al-Dosari",
    "gender": "female",
    "rating": 5,
    "text": "حسّيت إنه يكلمني بلغة أفهمها، مو مصطلحات معقدة، حبيت الأسلوب مرة.",
    "purchaseDate": "2025-10-18",
    "timeAgo": "منذ 12 يوم",
    "productId": 1,
    "verified": true
  },
  {
    "id": 9,
    "name": "ماجد اليامي",
    "nameEn": "Majed Al-Yami",
    "gender": "male",
    "rating": 5,
    "text": "الكتاب يشرح كيف تسوّق منتجك بطريقة عملية، من السوشيال ميديا للإعلانات، كل شي موجود.",
    "purchaseDate": "2025-10-16",
    "timeAgo": "منذ أسبوعين",
    "productId": 2,
    "verified": true
  },
  {
    "id": 10,
    "name": "لطيفة الهاجري",
    "nameEn": "Latifa Al-Hajri",
    "gender": "female",
    "rating": 5,
    "text": "ما كنت أعرف كيف أوصل للعملاء، بس بعد ما قرأته فهمت السالفة وبديت أشتغل على خطة تسويقية.",
    "purchaseDate": "2025-10-26",
    "timeAgo": "منذ 6 أيام",
    "productId": 2,
    "verified": true
  },
  {
    "id": 11,
    "name": "يزن العتيبي",
    "nameEn": "Yazan Al-Otaibi",
    "gender": "male",
    "rating": 5,
    "text": "صراحة الكتاب علمني كيف أستخدم الإعلانات الممولة بطريقة ذكية، بدون ما أخسر فلوسي.",
    "purchaseDate": "2025-10-24",
    "timeAgo": "منذ أسبوع",
    "productId": 2,
    "verified": true
  },
  {
    "id": 12,
    "name": "رغد العبدالله",
    "nameEn": "Raghad Al-Abdullah",
    "gender": "female",
    "rating": 5,
    "text": "أكثر جزء أفادني هو استراتيجيات المحتوى، الحين أعرف وش أنشر وكيف أجذب الناس.",
    "purchaseDate": "2025-10-21",
    "timeAgo": "منذ 9 أيام",
    "productId": 2,
    "verified": true
  },
  {
    "id": 13,
    "name": "ناصر العتيق",
    "nameEn": "Nasser Al-Ateeq",
    "gender": "male",
    "rating": 5,
    "text": "حبيت إنه ما يعطيك نظريات فقط، يعلمك كيف تطبق خطوة بخطوة على حساباتك.",
    "purchaseDate": "2025-10-19",
    "timeAgo": "منذ 11 يوم",
    "productId": 2,
    "verified": true
  },
  {
    "id": 14,
    "name": "منى السبيعي",
    "nameEn": "Muna Al-Subaie",
    "gender": "female",
    "rating": 4,
    "text": "المعلومات سهلة وواضحة، وخلتني أفكر بطريقة مختلفة تمامًا عن التسويق الرقمي.",
    "purchaseDate": "2025-10-23",
    "timeAgo": "منذ 7 أيام",
    "productId": 2,
    "verified": true
  },
  {
    "id": 15,
    "name": "طلال الشهراني",
    "nameEn": "Talal Al-Shahrani",
    "gender": "male",
    "rating": 5,
    "text": "الشرح عملي جداً، ما فيه لف ودوران، كل معلومة تقدر تطبقها على طول.",
    "purchaseDate": "2025-10-17",
    "timeAgo": "منذ 13 يوم",
    "productId": 2,
    "verified": true
  },
  {
    "id": 16,
    "name": "هناء الدوسري",
    "nameEn": "Hana Al-Dosari",
    "gender": "female",
    "rating": 5,
    "text": "حسّيت إن المحتوى موجه لي بالضبط، فهمت كيف أسوّق بشكل احترافي بدون خبرة سابقة.",
    "purchaseDate": "2025-10-14",
    "timeAgo": "منذ 3 أسابيع",
    "productId": 2,
    "verified": true
  },
  {
    "id": 17,
    "name": "فيصل القاضي",
    "nameEn": "Faisal Al-Qadi",
    "gender": "male",
    "rating": 5,
    "text": "كنت أفكر أترك وظيفتي وأبدأ فريلانسر، بس كنت خايف. الكتاب أعطاني الثقة والخطوات الصحيحة.",
    "purchaseDate": "2025-10-30",
    "timeAgo": "منذ يومين",
    "productId": 3,
    "verified": true
  },
  {
    "id": 18,
    "name": "سارة الشمري",
    "nameEn": "Sarah Al-Shamri",
    "gender": "female",
    "rating": 5,
    "text": "مرة حبيت كيف إنه يشرح لك كيف تبني بروفايل احترافي وتجذب العملاء الأوائل بسرعة.",
    "purchaseDate": "2025-10-13",
    "timeAgo": "منذ 3 أسابيع",
    "productId": 3,
    "verified": true
  },
  {
    "id": 19,
    "name": "بدر الحربي",
    "nameEn": "Badr Al-Harbi",
    "gender": "male",
    "rating": 4,
    "text": "تعلمت كيف أحدد سعري بشكل صح، وكيف أتفاوض مع العملاء بدون ما أبيع نفسي برخيص.",
    "purchaseDate": "2025-10-12",
    "timeAgo": "منذ 3 أسابيع",
    "productId": 3,
    "verified": true
  },
  {
    "id": 20,
    "name": "جود المطيري",
    "nameEn": "Jood Al-Mutairi",
    "gender": "female",
    "rating": 5,
    "text": "أنا من الناس اللي ما عندها خبرة بالعمل الحر، بس الكتاب سهّل علي البداية بشكل مو طبيعي.",
    "purchaseDate": "2025-10-11",
    "timeAgo": "منذ 3 أسابيع",
    "productId": 3,
    "verified": true
  },
  {
    "id": 21,
    "name": "عبدالله الرشيدي",
    "nameEn": "Abdullah Al-Rashidi",
    "gender": "male",
    "rating": 5,
    "text": "حسّيت إني داخل على مشروع واضح، كل خطوة مكتوبة، من فتح الحساب لحد ما تسلم المشروع.",
    "purchaseDate": "2025-10-10",
    "timeAgo": "منذ 3 أسابيع",
    "productId": 3,
    "verified": true
  },
  {
    "id": 22,
    "name": "مها العنزي",
    "nameEn": "Maha Al-Anazi",
    "gender": "female",
    "rating": 5,
    "text": "صراحة حسّيت بثقة أكثر بعد ما قرأته، الحين أعرف كيف أتعامل مع المنصات والعملاء.",
    "purchaseDate": "2025-10-09",
    "timeAgo": "منذ 3 أسابيع",
    "productId": 3,
    "verified": true
  },
  {
    "id": 23,
    "name": "راشد الدوسري",
    "nameEn": "Rashed Al-Dosari",
    "gender": "male",
    "rating": 4,
    "text": "ما توقعت أبدأ فريلانسر بهالسهولة، شرح مبسط ويخليك تطبّق بدون تعقيد.",
    "purchaseDate": "2025-10-08",
    "timeAgo": "منذ 4 أسابيع",
    "productId": 3,
    "verified": true
  },
  {
    "id": 24,
    "name": "رنا الحارثي",
    "nameEn": "Rana Al-Harthi",
    "gender": "female",
    "rating": 4,
    "text": "الكتاب فتح لي أفكار جديدة ما كانت تخطر في بالي، خصوصًا جزء بناء السمعة والمصداقية.",
    "purchaseDate": "2025-10-07",
    "timeAgo": "منذ 4 أسابيع",
    "productId": 3,
    "verified": true
  }
]
